contrast,dissimilarity,homogeneity,energy,correlation,entropy
153.89948326771653,5.531742125984252,0.30396906746086416,0.048682845536303185,0.9829673818874984,-0.0
