contrast,dissimilarity,homogeneity,energy,correlation,entropy
211.43848425196848,7.849901574803149,0.2367056014683765,0.07258720116628763,0.9777270527224481,-0.0
