contrast,dissimilarity,homogeneity,energy,correlation,entropy
108.63176673228348,4.997170275590551,0.2902362972801639,0.036112625892733105,0.98662339202235,-0.0
