contrast,dissimilarity,homogeneity,energy,correlation,entropy
87.85703740157481,5.065944881889764,0.26338339851233394,0.02875425313820587,0.9832007705793969,0.14016231396494266
