contrast,dissimilarity,homogeneity,energy,correlation,entropy
115.48394438976379,5.830031988188977,0.2685426749724435,0.05005760604204578,0.988180875556092,-0.0
