contrast,dissimilarity,homogeneity,energy,correlation,entropy
168.73954232283464,5.996801181102362,0.2965265385732974,0.05124160268416643,0.9807536530884552,-0.0
