contrast,dissimilarity,homogeneity,energy,correlation,entropy
106.30155019685039,5.867741141732283,0.24785800945066655,0.04002747050247463,0.9901223335175862,-0.0
