contrast,dissimilarity,homogeneity,energy,correlation,entropy
148.86521899606296,6.264579232283465,0.2567850430865347,0.052667378677027955,0.9867034097319803,-0.0
