contrast,dissimilarity,homogeneity,energy,correlation,entropy
154.73252952755908,5.831446850393701,0.32296584704251613,0.09202703477168123,0.9836579859959461,-0.0
