contrast,dissimilarity,homogeneity,energy,correlation,entropy
256.9495570866142,8.458907480314961,0.20045662976151468,0.028040184355934885,0.976461370933936,-0.0
