contrast,dissimilarity,homogeneity,energy,correlation,entropy
95.90483513779529,5.185469980314961,0.266136175742133,0.0335502287894083,0.983275623841278,0.1743339128381897
