contrast,dissimilarity,homogeneity,energy,correlation,entropy
222.10063976377953,7.787155511811023,0.24839019647021993,0.07953693622785626,0.9817507637682477,-0.0
