contrast,dissimilarity,homogeneity,energy,correlation,entropy
260.2883858267716,7.658710629921259,0.28297585537164516,0.08155233224041444,0.9765943973691653,-0.0
