contrast,dissimilarity,homogeneity,energy,correlation,entropy
267.4440821850394,8.741449311023622,0.2194111813183124,0.053637816860732525,0.9778178811310356,0.026639136777490895
