contrast,dissimilarity,homogeneity,energy,correlation,entropy
128.49876968503943,5.271161417322836,0.3340378768546495,0.06504569722143176,0.9886762684600751,0.22000318545349964
