contrast,dissimilarity,homogeneity,energy,correlation,entropy
178.0245447834646,7.381582185039372,0.24503710516537408,0.09000463463548825,0.9803698700158122,-0.0
