contrast,dissimilarity,homogeneity,energy,correlation,entropy
113.99673966535435,6.121985728346458,0.2402596429660801,0.0401101074858228,0.9897105081217419,-0.0
