contrast,dissimilarity,homogeneity,energy,correlation,entropy
145.58581446850397,6.473486712598425,0.25406039238032535,0.06021389426015393,0.9874851749538758,-0.0
