contrast,dissimilarity,homogeneity,energy,correlation,entropy
174.3900098425197,7.0146407480314945,0.2660348955382986,0.10068678263813814,0.9803124037854759,-0.0
