contrast,dissimilarity,homogeneity,energy,correlation,entropy
112.83298474409449,6.058624507874015,0.24407169989846686,0.03681217702425302,0.988049474423196,-0.0
