contrast,dissimilarity,homogeneity,energy,correlation,entropy
128.77103838582676,6.007135826771654,0.2987606168400224,0.09317094656605057,0.9887358063853087,-0.0
