contrast,dissimilarity,homogeneity,energy,correlation,entropy
169.9378690944882,6.146653543307088,0.2569789905655863,0.02941491776655267,0.976728974692084,-0.0
