contrast,dissimilarity,homogeneity,energy,correlation,entropy
169.86355807086616,6.59128937007874,0.304882147092797,0.12806210665585058,0.9826243030031964,-0.0
