contrast,dissimilarity,homogeneity,energy,correlation,entropy
174.32037401574806,6.34498031496063,0.3063521164225458,0.10113452772221924,0.9826678245692678,-0.0
