contrast,dissimilarity,homogeneity,energy,correlation,entropy
248.3767839566929,7.400775098425197,0.32845109086968327,0.12056848081362156,0.9827716014879097,-0.0
