contrast,dissimilarity,homogeneity,energy,correlation,entropy
190.021468996063,6.435593011811024,0.26472931929051535,0.027039722703732935,0.978367077704197,0.040251113546294244
