contrast,dissimilarity,homogeneity,energy,correlation,entropy
159.49852362204723,5.568159448818898,0.2862107260007541,0.04691222162447163,0.982181427983167,-0.0
