contrast,dissimilarity,homogeneity,energy,correlation,entropy
92.09657972440947,5.116633858267717,0.287289492303602,0.04492418888864878,0.9834710355140808,0.23806014923106097
