contrast,dissimilarity,homogeneity,energy,correlation,entropy
302.75565944881896,9.174335629921261,0.2291298667397894,0.03797059235803479,0.9730998944705866,0.015383052210688128
