contrast,dissimilarity,homogeneity,energy,correlation,entropy
171.9722563976378,5.732468011811024,0.33132657991869435,0.07098979957743716,0.9852527490457856,-0.0
