contrast,dissimilarity,homogeneity,energy,correlation,entropy
264.527312992126,7.511441929133857,0.31537157032750124,0.12140263401408748,0.9769495610433481,-0.0
