contrast,dissimilarity,homogeneity,energy,correlation,entropy
300.359375,8.67273622047244,0.22949482137011518,0.055720263698622347,0.9734684017162804,-0.0
