contrast,dissimilarity,homogeneity,energy,correlation,entropy
204.1803026574803,7.790046751968504,0.21142649598868787,0.024424347268334475,0.9792356788120731,-0.0
