contrast,dissimilarity,homogeneity,energy,correlation,entropy
118.22133366141735,6.032357283464568,0.2585851986995035,0.02525800207854422,0.9834424995723363,0.00895945642016347
