contrast,dissimilarity,homogeneity,energy,correlation,entropy
175.94820374015748,7.05388779527559,0.250737631859551,0.08128205703637872,0.9800459984059909,-0.0
