contrast,dissimilarity,homogeneity,energy,correlation,entropy
121.53943159448822,5.974224901574805,0.28874931824230593,0.08236461329022852,0.9891292143268398,-0.0
