contrast,dissimilarity,homogeneity,energy,correlation,entropy
190.68596210629926,7.549766240157481,0.23772094558035534,0.074220757583771,0.9770366953560615,-0.0
