contrast,dissimilarity,homogeneity,energy,correlation,entropy
88.7739911417323,5.193159448818897,0.2661253330187988,0.0321667958149278,0.9846814176185333,0.16263339547023112
