contrast,dissimilarity,homogeneity,energy,correlation,entropy
151.08218503937007,6.341781496062992,0.2569579865635592,0.06125235812418216,0.9790882068740969,-0.0
