contrast,dissimilarity,homogeneity,energy,correlation,entropy
260.1905142716535,7.902620570866143,0.2616464339704722,0.09421221663411808,0.9724614332360227,-0.0
