contrast,dissimilarity,homogeneity,energy,correlation,entropy
176.92544291338587,6.129183070866143,0.30266374409366725,0.07019128807412597,0.9853963163869951,-0.0
