contrast,dissimilarity,homogeneity,energy,correlation,entropy
302.732344980315,8.981606791338585,0.2301611493748812,0.04578460131268786,0.9718319772401925,-0.0
