contrast,dissimilarity,homogeneity,energy,correlation,entropy
271.3698326771654,7.450049212598426,0.3271413873966832,0.11261123475978477,0.9797330010010015,0.18213688406113374
