contrast,dissimilarity,homogeneity,energy,correlation,entropy
160.16338582677167,6.30757874015748,0.26171934974092853,0.030473339427154706,0.9822415904028722,-0.0
