contrast,dissimilarity,homogeneity,energy,correlation,entropy
79.73185285433073,5.188791830708662,0.24998878207882802,0.02941620422417164,0.9845605399532147,0.142504331805588
