contrast,dissimilarity,homogeneity,energy,correlation,entropy
215.49095718503935,7.175627460629921,0.3093583616105836,0.10749981254352052,0.9823314625169961,-0.0
