contrast,dissimilarity,homogeneity,energy,correlation,entropy
79.17119832677167,4.28943159448819,0.32591738720988467,0.043734755070121756,0.9874026957788298,0.21220692252670303
