contrast,dissimilarity,homogeneity,energy,correlation,entropy
314.9053887795276,8.977731299212598,0.22512987148646063,0.04389003128640986,0.9745381746858682,0.01636868746249592
