contrast,dissimilarity,homogeneity,energy,correlation,entropy
111.57468011811024,4.995324803149606,0.32014487541028563,0.07548062499172677,0.9858368041616885,0.006538417631399078
