contrast,dissimilarity,homogeneity,energy,correlation,entropy
41.28838582677166,3.680979330708662,0.33678993521562783,0.03840142435131643,0.9892807327767726,0.018538186906567018
