contrast,dissimilarity,homogeneity,energy,correlation,entropy
146.3276328740158,5.8634350393700805,0.31752700456403277,0.05835045142183902,0.9849392609543715,0.03757500456733099
