contrast,dissimilarity,homogeneity,energy,correlation,entropy
166.18294783464572,7.527436023622048,0.2113788790635538,0.055450569618496426,0.9804767801113294,-0.0
