contrast,dissimilarity,homogeneity,energy,correlation,entropy
73.78770915354332,5.178088090551183,0.27280043724036707,0.041986694965017446,0.9909137685239563,0.23437079176812076
