contrast,dissimilarity,homogeneity,energy,correlation,entropy
149.66012549212596,6.341843011811023,0.25454081522986305,0.05130570123198226,0.9792577477811214,-0.0
