contrast,dissimilarity,homogeneity,energy,correlation,entropy
158.37155511811028,6.853592519685041,0.2519411278054605,0.046226168387986426,0.986392561556153,-0.0
