contrast,dissimilarity,homogeneity,energy,correlation,entropy
199.89044045275594,6.951587106299213,0.25676037009726543,0.026125116071520346,0.9754511666131506,0.026729186053761088
