contrast,dissimilarity,homogeneity,energy,correlation,entropy
72.67261318897638,4.750123031496063,0.2621399292739405,0.02815903104194875,0.9894531305234269,0.01080888520822244
