contrast,dissimilarity,homogeneity,energy,correlation,entropy
163.82634104330708,6.235543799212597,0.3068808309204634,0.09672934255024032,0.9834931903134819,-0.0
