contrast,dissimilarity,homogeneity,energy,correlation,entropy
169.1896530511811,5.6035310039370065,0.2996539038248806,0.05720349376372279,0.9819419994959456,-0.0
