contrast,dissimilarity,homogeneity,energy,correlation,entropy
90.39419291338582,4.822342519685039,0.3201945120086219,0.037894000375899274,0.987285151960289,0.14759661093474535
