contrast,dissimilarity,homogeneity,energy,correlation,entropy
142.7602731299213,6.378752460629922,0.2412806744615551,0.0370864205891291,0.9759749430896718,-0.0
