contrast,dissimilarity,homogeneity,energy,correlation,entropy
276.0854453740158,9.039185531496065,0.20540598009147054,0.04528624589771654,0.9760152127176153,-0.0
