contrast,dissimilarity,homogeneity,energy,correlation,entropy
59.630843996062985,4.401636318897638,0.30714812343980646,0.037089583601378456,0.9903040022917309,0.1486699247713159
