contrast,dissimilarity,homogeneity,energy,correlation,entropy
126.98886564960632,5.54435285433071,0.31954773398639963,0.08695004547846284,0.9859476429910593,-0.0
