contrast,dissimilarity,homogeneity,energy,correlation,entropy
249.89056348425194,7.063668799212598,0.2677966136682718,0.028062814070209722,0.9748075343988599,0.02972024581021478
