contrast,dissimilarity,homogeneity,energy,correlation,entropy
316.501845472441,8.792076771653544,0.23982844654841157,0.05419722434434609,0.9725371481524261,-0.0
