contrast,dissimilarity,homogeneity,energy,correlation,entropy
205.0784325787402,6.885396161417324,0.27617219281716726,0.0822408381417849,0.9821824816750279,-0.0
