contrast,dissimilarity,homogeneity,energy,correlation,entropy
300.316375492126,8.717704232283467,0.2353082944833799,0.049040958527070855,0.9738383481238704,-0.0
