contrast,dissimilarity,homogeneity,energy,correlation,entropy
193.37001722440945,6.119402066929133,0.3241573008804912,0.10041950807605679,0.9844049813543005,-0.0
