contrast,dissimilarity,homogeneity,energy,correlation,entropy
122.90446604330712,5.956262303149609,0.2557193169107321,0.04397384307428643,0.9873652947425386,0.06873694555577718
