contrast,dissimilarity,homogeneity,energy,correlation,entropy
253.247969980315,8.678703248031498,0.19924577823049122,0.03704305501764013,0.977535983554112,-0.0
