contrast,dissimilarity,homogeneity,energy,correlation,entropy
196.61876247504992,6.577416595380667,0.279416076076282,0.060920789476093674,0.9788542364110054,0.007927436973230688
