contrast,dissimilarity,homogeneity,energy,correlation,entropy
96.65311258278145,5.526931567328919,0.2601946904899033,0.050420015615331125,0.9910924635584804,-0.0
