contrast,dissimilarity,homogeneity,energy,correlation,entropy
284.9065440920181,8.562783199721157,0.24106130322687813,0.06460565758356931,0.9729400805434592,-0.0
