contrast,dissimilarity,homogeneity,energy,correlation,entropy
163.64005686069132,6.0558880742181636,0.27513260198419304,0.060904911742465234,0.982013766560377,-0.0
