contrast,dissimilarity,homogeneity,energy,correlation,entropy
257.82890440776345,7.070696535461637,0.33800790933281294,0.13251527321893106,0.9778446582811,-0.0
