contrast,dissimilarity,homogeneity,energy,correlation,entropy
177.7905052693785,6.241406480843101,0.31546469852857884,0.10712366240142034,0.9824904944750416,-0.0
