contrast,dissimilarity,homogeneity,energy,correlation,entropy
270.88612836438926,7.888045395291774,0.28336119345616484,0.09005799445684838,0.9768415994544858,-0.0
