contrast,dissimilarity,homogeneity,energy,correlation,entropy
86.34312706660369,4.540859707132736,0.3427590080731211,0.05474938280613489,0.9855791755560205,0.19277714795332804
