contrast,dissimilarity,homogeneity,energy,correlation,entropy
257.1039578033817,7.710272332784678,0.2783085816333658,0.09107450869854768,0.9795476718175545,0.012981869836743308
