contrast,dissimilarity,homogeneity,energy,correlation,entropy
52.94975124378111,3.637976782752903,0.38850616500303725,0.07271566372236689,0.9934411407282848,0.2480308492143669
