contrast,dissimilarity,homogeneity,energy,correlation,entropy
90.56702460850111,3.83897091722595,0.4227101274998357,0.08672928271292402,0.9903535548416795,0.10873487416573292
