contrast,dissimilarity,homogeneity,energy,correlation,entropy
272.1077704194261,8.55739514348786,0.23265515348361832,0.07084757770729509,0.976741748863331,-0.0
