contrast,dissimilarity,homogeneity,energy,correlation,entropy
82.08276037687804,4.793905440964265,0.30229974364320844,0.04321375872108961,0.9855085623372393,0.2211115501555256
