contrast,dissimilarity,homogeneity,energy,correlation,entropy
226.96015444630206,6.566953268051907,0.3414594407646727,0.13296731016212485,0.9799164754826165,-0.0
