contrast,dissimilarity,homogeneity,energy,correlation,entropy
78.10831365139349,4.433490788852149,0.3434006201690216,0.04289084430838143,0.9890886934509859,0.13892421284202897
