contrast,dissimilarity,homogeneity,energy,correlation,entropy
63.714791756118494,4.5035422928295405,0.30104962601105395,0.03800224920762166,0.9897464282645887,0.1350339667486464
