contrast,dissimilarity,homogeneity,energy,correlation,entropy
140.35884881776926,4.880702173393837,0.371891595382668,0.11058495296539374,0.9880905473017203,-0.0
