contrast,dissimilarity,homogeneity,energy,correlation,entropy
147.82441617288254,6.004792610665738,0.3084800065150392,0.07577072605499967,0.9889305367063571,0.08769689078460584
