contrast,dissimilarity,homogeneity,energy,correlation,entropy
74.76736896197328,3.8531860226104833,0.3831531261879087,0.0882064690721059,0.9861894220477679,0.3682988323146019
