contrast,dissimilarity,homogeneity,energy,correlation,entropy
155.23971273291932,6.61983695652174,0.2796773743589045,0.12267835928382291,0.9830797101393745,-0.0
