contrast,dissimilarity,homogeneity,energy,correlation,entropy
80.47296494355318,4.568033273915627,0.3224407622501755,0.07347805710414193,0.9903568471093972,-0.0
