contrast,dissimilarity,homogeneity,energy,correlation,entropy
153.63533016205758,6.329113924050634,0.2957566716555706,0.12901638499292473,0.9828553950072861,-0.0
