contrast,dissimilarity,homogeneity,energy,correlation,entropy
145.99276679542527,6.043134136181171,0.2802608034489937,0.07651486625915892,0.981390503199015,-0.0
