contrast,dissimilarity,homogeneity,energy,correlation,entropy
286.42582439732325,8.601830202370394,0.26806274600443275,0.06773708523530682,0.9750575539298754,0.011815775212334904
