contrast,dissimilarity,homogeneity,energy,correlation,entropy
92.6840675664205,5.143536202359731,0.2949891692243937,0.07701046591307867,0.9922384290569097,0.044004821509937134
