contrast,dissimilarity,homogeneity,energy,correlation,entropy
144.74776263807144,6.001330323308878,0.2830930324531129,0.05841163868232999,0.9855112372977706,0.0011770053953336975
