contrast,dissimilarity,homogeneity,energy,correlation,entropy
144.60318444995863,5.4998759305210925,0.3461237718702764,0.10560845092343112,0.9823356000141963,-0.0
