contrast,dissimilarity,homogeneity,energy,correlation,entropy
106.31918726434854,5.421156263091748,0.27720215854103963,0.05076708933670485,0.9891554246004965,0.059910748737494794
