contrast,dissimilarity,homogeneity,energy,correlation,entropy
74.62261048304214,4.291161356628983,0.34485144492684877,0.0797427606856557,0.9904428491857762,-0.0
