contrast,dissimilarity,homogeneity,energy,correlation,entropy
110.96367501180916,5.581152574397732,0.3148184410030833,0.11021933947306942,0.9909036695028637,-0.0
