contrast,dissimilarity,homogeneity,energy,correlation,entropy
118.7196534008128,5.753469825933594,0.2795482542287609,0.0732966882042517,0.9898842935354337,-0.0
