contrast,dissimilarity,homogeneity,energy,correlation,entropy
183.34202377384878,5.97772450304665,0.2980865331698527,0.08013961592905226,0.9825858977441279,-0.0
