contrast,dissimilarity,homogeneity,energy,correlation,entropy
142.83609201256257,5.8742042271454045,0.28072182267494683,0.04383037645436034,0.9843351104850558,-0.0
