contrast,dissimilarity,homogeneity,energy,correlation,entropy
286.5601319875777,7.9916537267080745,0.29321659461258553,0.10041899773975069,0.9755889296868813,-0.0
