contrast,dissimilarity,homogeneity,energy,correlation,entropy
220.76028978584503,6.376005095135737,0.3053574772401128,0.05134583529914149,0.9781829297004095,0.023475615651189146
