contrast,dissimilarity,homogeneity,energy,correlation,entropy
247.60177404295052,8.039597657244716,0.2490686282319196,0.08034435494088675,0.9797677082017228,0.024689598163150438
