contrast,dissimilarity,homogeneity,energy,correlation,entropy
168.20029538741196,6.797053699916686,0.2720424296389059,0.10920307806383626,0.9800637570947012,-0.0
