contrast,dissimilarity,homogeneity,energy,correlation,entropy
105.8266703941851,4.7974093747087885,0.3101008430026839,0.05452656410295905,0.9870944199319446,-0.0
