contrast,dissimilarity,homogeneity,energy,correlation,entropy
144.10669975186107,5.943093465674112,0.27554530495443885,0.04282523256887776,0.9844425591734335,-0.0
