contrast,dissimilarity,homogeneity,energy,correlation,entropy
138.82411513343544,6.055107635249536,0.2666702945551548,0.05556521183554528,0.9835885815218713,-0.0
