contrast,dissimilarity,homogeneity,energy,correlation,entropy
75.53462509712512,4.650398212898212,0.27226128493716706,0.03190552048990975,0.9891144116012492,0.011043462767513402
