contrast,dissimilarity,homogeneity,energy,correlation,entropy
93.77719587011822,4.374981295825228,0.37813150281740426,0.08997225234418163,0.9918032621210051,0.19438745880808703
