contrast,dissimilarity,homogeneity,energy,correlation,entropy
185.70295857988168,6.511799512704491,0.2980447560723732,0.11105173195842645,0.9806005273246311,-0.0
