contrast,dissimilarity,homogeneity,energy,correlation,entropy
169.7804280790858,7.070923272265554,0.28033734941473165,0.11702723997675185,0.9819378928261366,-0.0
