contrast,dissimilarity,homogeneity,energy,correlation,entropy
101.23419064595535,5.717001952296071,0.25761031136253854,0.05138707177662996,0.9909414033349868,-0.0
