contrast,dissimilarity,homogeneity,energy,correlation,entropy
271.85658562447935,8.123873362114672,0.2725425970761622,0.0786057071855109,0.9772806229760912,-0.0
