contrast,dissimilarity,homogeneity,energy,correlation,entropy
276.31002331002327,7.603341103341103,0.29407061853914196,0.09062487219516929,0.9755494316971348,-0.0
