contrast,dissimilarity,homogeneity,energy,correlation,entropy
226.24868492653727,7.479321603482678,0.24750334076010433,0.051345138739514656,0.9785397268349275,-0.0
