contrast,dissimilarity,homogeneity,energy,correlation,entropy
216.5357337202975,7.651460185017232,0.23740489482063235,0.060916706650301355,0.9806821138805815,-0.0
