contrast,dissimilarity,homogeneity,energy,correlation,entropy
176.68419426048567,5.742913907284769,0.3003175690386503,0.04120647140646802,0.9792175245254947,0.03857300921887373
