contrast,dissimilarity,homogeneity,energy,correlation,entropy
142.88404139433555,5.738834422657954,0.3208189052453678,0.09246579970525,0.9843237742821747,-0.0
