contrast,dissimilarity,homogeneity,energy,correlation,entropy
231.38661667802774,6.448420813451488,0.3639705972236595,0.13657459837969244,0.9829269410407437,0.17632217577549567
