contrast,dissimilarity,homogeneity,energy,correlation,entropy
192.21758125102073,6.192920137187654,0.2849160041004462,0.04465425550351178,0.9800066881066033,0.016017184688773386
