contrast,dissimilarity,homogeneity,energy,correlation,entropy
162.4528476821192,5.472980132450331,0.3302516647344914,0.06985397899236062,0.9812559244978498,0.05750402587509497
