contrast,dissimilarity,homogeneity,energy,correlation,entropy
122.89128672745693,5.674670719351569,0.3171377632758313,0.10841732800967063,0.9893110034212519,-0.0
