contrast,dissimilarity,homogeneity,energy,correlation,entropy
77.74199983023514,4.727315168491639,0.2804613839829652,0.029813574270763164,0.9853764202806437,0.11849981505510043
