contrast,dissimilarity,homogeneity,energy,correlation,entropy
148.95575539568344,5.717625899280575,0.32923689949361234,0.1122426678902059,0.9850063800292578,-0.0
