contrast,dissimilarity,homogeneity,energy,correlation,entropy
81.65277088502894,4.867659222497932,0.2807186733688994,0.03135910450517585,0.9860589003716282,0.12761413779310538
