contrast,dissimilarity,homogeneity,energy,correlation,entropy
94.85416841223294,5.258525345622121,0.27667217599403565,0.034610102530474834,0.9835861289631792,0.1732537289137508
