contrast,dissimilarity,homogeneity,energy,correlation,entropy
204.48024826579044,6.524644030668128,0.2729857520751784,0.05732631128902457,0.9752613995611435,-0.0
