contrast,dissimilarity,homogeneity,energy,correlation,entropy
201.017008797654,6.1225806451612925,0.29867690607171604,0.0454776293321853,0.9782783111380566,0.020195340186069617
