contrast,dissimilarity,homogeneity,energy,correlation,entropy
159.0951199338296,6.232671629445823,0.2920616808680857,0.06458800554926918,0.9840249499129354,-0.0
