contrast,dissimilarity,homogeneity,energy,correlation,entropy
199.89090315204965,6.346153846153846,0.36092978310095347,0.1371246108785901,0.9862431345975716,-0.0
