contrast,dissimilarity,homogeneity,energy,correlation,entropy
128.65825575698187,5.70921117099461,0.27566925757673844,0.0636039660326379,0.9886244065895892,-0.0
