contrast,dissimilarity,homogeneity,energy,correlation,entropy
79.67684036393713,4.856079404466502,0.28414925588098805,0.0320303434901137,0.9864602384266503,0.13617107609742224
