contrast,dissimilarity,homogeneity,energy,correlation,entropy
133.02890739833418,6.162257063530949,0.2730870910358147,0.060817678233874004,0.9886831111319432,-0.0
