contrast,dissimilarity,homogeneity,energy,correlation,entropy
114.04761904761907,5.9663541092112515,0.25314995486502057,0.04441500810133405,0.9880659341587581,0.0007082698764949582
