contrast,dissimilarity,homogeneity,energy,correlation,entropy
206.46223207686623,5.962527716186253,0.3621364085181475,0.12018071880636291,0.9836488181204865,-0.0
