contrast,dissimilarity,homogeneity,energy,correlation,entropy
191.42264900662252,6.585562913907284,0.27931745974543,0.038085337232381763,0.9769530353020197,0.02065537064674402
