contrast,dissimilarity,homogeneity,energy,correlation,entropy
204.08518231854146,7.195949432404541,0.2786581084897174,0.10614316801059362,0.9834164764238643,-0.0
