contrast,dissimilarity,homogeneity,energy,correlation,entropy
149.44130708001674,6.889903644742354,0.24483758571190534,0.08508077650572976,0.982677187736635,-0.0
