contrast,dissimilarity,homogeneity,energy,correlation,entropy
174.70656890617985,6.199087236271135,0.264067362055439,0.0483362127635385,0.979627619333438,-0.0
