contrast,dissimilarity,homogeneity,energy,correlation,entropy
164.78029381965547,6.084245187436674,0.3175172121524636,0.10195838729391507,0.9830290538416462,-0.0
