contrast,dissimilarity,homogeneity,energy,correlation,entropy
101.70837112280066,4.633275893343008,0.340223146753055,0.08310121936377354,0.9872104518010996,0.0041627588282272
