contrast,dissimilarity,homogeneity,energy,correlation,entropy
144.0107142857143,6.060481366459628,0.28482623816763114,0.08103679054878131,0.9806816075550394,-0.0
