contrast,dissimilarity,homogeneity,energy,correlation,entropy
148.0278592375367,5.821826560536239,0.29392234991268334,0.05364847600503683,0.9845439240673108,-0.0
