contrast,dissimilarity,homogeneity,energy,correlation,entropy
250.70361635220118,7.636477987421383,0.2707116417930372,0.08757870015549889,0.9781790339165649,-0.0
