contrast,dissimilarity,homogeneity,energy,correlation,entropy
198.04003267973854,6.4905830753353975,0.3082693972745169,0.03821104375131255,0.9807894962668171,0.1622120447500559
