contrast,dissimilarity,homogeneity,energy,correlation,entropy
121.17174541049297,4.675519522877643,0.32233212508388415,0.0613283959130986,0.9881264044557105,0.13404874215506485
