contrast,dissimilarity,homogeneity,energy,correlation,entropy
117.07203647416412,5.796555217831813,0.3045497882653355,0.10460832835335813,0.9900949726446476,-0.0
