contrast,dissimilarity,homogeneity,energy,correlation,entropy
136.8835946431488,6.326923076923077,0.2623234036073842,0.09486929121947617,0.9843330770916832,-0.0
