contrast,dissimilarity,homogeneity,energy,correlation,entropy
226.44830974842762,6.955227987421382,0.2891887891504066,0.08705624721770945,0.9805749160478302,-0.0
