contrast,dissimilarity,homogeneity,energy,correlation,entropy
108.79191355873128,5.850034855350295,0.2571353226664066,0.056807596676879006,0.9906783071445174,-0.0
