contrast,dissimilarity,homogeneity,energy,correlation,entropy
157.53385093167702,5.157298136645962,0.3640967656081026,0.11751283917637091,0.9874195000130566,-0.0
