contrast,dissimilarity,homogeneity,energy,correlation,entropy
45.82926702116567,3.3931289750808054,0.4048891222929396,0.08293239641510726,0.9904897420658313,0.3474997057136899
