contrast,dissimilarity,homogeneity,energy,correlation,entropy
198.45114942528735,6.533620689655172,0.2882644412297738,0.09054545947681102,0.9829260264453104,-0.0
