contrast,dissimilarity,homogeneity,energy,correlation,entropy
246.9045438055505,8.273217848721204,0.22332684648447992,0.05742512321878882,0.9784046730050694,-0.0
