contrast,dissimilarity,homogeneity,energy,correlation,entropy
145.74243012422357,6.074262422360247,0.28407444334906407,0.08075347844811777,0.9806406868306231,-0.0
