contrast,dissimilarity,homogeneity,energy,correlation,entropy
73.67830318417433,3.7926584153178884,0.38825014135736774,0.0568467481661163,0.9823076889578566,0.23696405563879497
