contrast,dissimilarity,homogeneity,energy,correlation,entropy
209.20476706392202,6.172165862306708,0.31899334180763456,0.10114609286772529,0.9813605695510677,-0.0
