contrast,dissimilarity,homogeneity,energy,correlation,entropy
154.7803959627329,5.019914596273292,0.37201577474629366,0.11923465916471084,0.9877417930399004,-0.0
