contrast,dissimilarity,homogeneity,energy,correlation,entropy
95.2362379555928,4.930247172182656,0.32424260131157756,0.05763327876070952,0.9915081945424652,0.08819757043181091
