contrast,dissimilarity,homogeneity,energy,correlation,entropy
168.56603260869565,5.4807065217391315,0.35661736735466615,0.10734986879418196,0.9858040003906653,-0.0
