contrast,dissimilarity,homogeneity,energy,correlation,entropy
128.79400525435872,5.797985829153729,0.27867403484047015,0.0799094416733247,0.9837355344055237,-0.0
