contrast,dissimilarity,homogeneity,energy,correlation,entropy
156.97577639751555,5.045186335403726,0.3741609266284413,0.12156561091495993,0.9874971655084638,-0.0
