contrast,dissimilarity,homogeneity,energy,correlation,entropy
187.3165401426271,6.611762901617974,0.3372096184236879,0.15055234953878927,0.9807187280978674,-0.0
