contrast,dissimilarity,homogeneity,energy,correlation,entropy
209.9695512820513,7.601641414141414,0.2311500750397335,0.04154577827362757,0.978939518918872,-0.0
