contrast,dissimilarity,homogeneity,energy,correlation,entropy
101.42581090407174,4.983666896710375,0.3254888565107351,0.09593357428576017,0.9819457946951424,-0.0
