contrast,dissimilarity,homogeneity,energy,correlation,entropy
160.22693512304252,5.404384787472035,0.32971158615118695,0.0699540875397368,0.9771058263206899,-0.0
