contrast,dissimilarity,homogeneity,energy,correlation,entropy
112.69828088578087,5.796571484071485,0.26925807720285605,0.030074492658336633,0.9843747234673893,0.006211196471410631
