contrast,dissimilarity,homogeneity,energy,correlation,entropy
152.31603260869565,4.995069875776398,0.37452159195182455,0.11878326634706333,0.9878687723288443,-0.0
