contrast,dissimilarity,homogeneity,energy,correlation,entropy
149.81003310415073,5.104490280960869,0.327869424456548,0.07946621000451795,0.984184760602111,-0.0
