contrast,dissimilarity,homogeneity,energy,correlation,entropy
129.43487779635382,5.7456810763474255,0.29030986504382505,0.08395111985892605,0.982315260279849,-0.0
