contrast,dissimilarity,homogeneity,energy,correlation,entropy
227.9729306487696,7.701431767337809,0.2398457808082134,0.05192130111564628,0.9787494253652548,-0.0
