contrast,dissimilarity,homogeneity,energy,correlation,entropy
241.92201342281885,7.88612975391499,0.23426766626096962,0.05301068455232638,0.9781740770687803,-0.0
