contrast,dissimilarity,homogeneity,energy,correlation,entropy
80.78656759906761,4.187208624708625,0.34493828221660683,0.04919483245586137,0.9872581320632028,0.21291496955078523
