contrast,dissimilarity,homogeneity,energy,correlation,entropy
115.51956882255391,4.328081813156439,0.41015688243527004,0.06223646617276367,0.9836538397883253,0.18752167721877677
