contrast,dissimilarity,homogeneity,energy,correlation,entropy
140.86722292762562,6.205151460185018,0.25640605341700307,0.047720411251504724,0.9767164317457537,-0.0
