contrast,dissimilarity,homogeneity,energy,correlation,entropy
116.607163803938,5.528655215751989,0.25456981964362824,0.03354621230531921,0.9844138785750167,0.001260402662790936
