contrast,dissimilarity,homogeneity,energy,correlation,entropy
131.88612421383644,5.69563679245283,0.3330683173437057,0.13685781811828543,0.9865970911050396,-0.0
