contrast,dissimilarity,homogeneity,energy,correlation,entropy
119.36656867548588,5.169198105503838,0.3528109967147911,0.07852494509262185,0.9878116362934645,0.030263657985047755
