contrast,dissimilarity,homogeneity,energy,correlation,entropy
99.12908277404922,5.406040268456375,0.25071848400561236,0.03860981268203398,0.9818562412054406,-0.0
