contrast,dissimilarity,homogeneity,energy,correlation,entropy
91.37786949685533,4.8286556603773585,0.3250282220206129,0.06437193618395273,0.9910375930319514,0.07053586405338834
