contrast,dissimilarity,homogeneity,energy,correlation,entropy
124.4182781456954,4.99673289183223,0.31744075570360675,0.0768718718420234,0.9867986869370557,-0.0
