contrast,dissimilarity,homogeneity,energy,correlation,entropy
148.93168219344088,6.2276755282890255,0.29018882644019245,0.11962741823393253,0.9833058897115652,-0.0
