contrast,dissimilarity,homogeneity,energy,correlation,entropy
181.66653766769866,6.304566563467493,0.3363706447387892,0.11856360421667525,0.9852451584047988,-0.0
