contrast,dissimilarity,homogeneity,energy,correlation,entropy
197.16360628618693,6.038461538461538,0.308075821844573,0.04696591087864632,0.9792022304612249,0.03752069695707187
