contrast,dissimilarity,homogeneity,energy,correlation,entropy
169.4568866645814,5.904910853925554,0.324594495116439,0.0990631217815172,0.9822923746997391,-0.0
