contrast,dissimilarity,homogeneity,energy,correlation,entropy
126.42077558130728,6.188252669847762,0.24298501373015255,0.05454346082671968,0.9814243746556005,-0.0
