contrast,dissimilarity,homogeneity,energy,correlation,entropy
252.8125574554146,8.328644971502115,0.21567842505659632,0.053077052031623655,0.9776486556104754,-0.0
