contrast,dissimilarity,homogeneity,energy,correlation,entropy
87.21884531590416,4.113507625272332,0.3651535319639613,0.05401508417778373,0.9852680119589046,0.12033932322161466
