contrast,dissimilarity,homogeneity,energy,correlation,entropy
218.77018033490768,6.227243452125377,0.3234289393862105,0.10502831579037461,0.9805547286076152,-0.0
