contrast,dissimilarity,homogeneity,energy,correlation,entropy
166.68216516308118,5.290885958824889,0.37061363684927673,0.10030018593819155,0.9806401331867529,-0.0
