contrast,dissimilarity,homogeneity,energy,correlation,entropy
148.79498881431772,5.1923042505592845,0.3144187113002097,0.06930243646838063,0.9835697343657853,-0.0
