contrast,dissimilarity,homogeneity,energy,correlation,entropy
147.96799617864818,5.2158267653849215,0.3493349133799224,0.11069068488913648,0.987921317040765,-0.0
