contrast,dissimilarity,homogeneity,energy,correlation,entropy
101.63327589334301,5.585298385633957,0.2505196284214426,0.03988768908418757,0.982027000939892,-0.0
