contrast,dissimilarity,homogeneity,energy,correlation,entropy
72.4089501548297,5.112276495854561,0.27255309089313307,0.04085217436441001,0.9911572983347603,0.22064184912365817
