contrast,dissimilarity,homogeneity,energy,correlation,entropy
41.3434914506343,3.5705552491266777,0.34949101953351575,0.0414495068462064,0.9893473462092004,0.01818445104932372
