contrast,dissimilarity,homogeneity,energy,correlation,entropy
172.4773748876236,6.171611227649586,0.31749873727207667,0.10786505091802093,0.9828093088486518,-0.0
