contrast,dissimilarity,homogeneity,energy,correlation,entropy
41.85494748479823,3.405859590934218,0.37110359887321565,0.0508712005308856,0.9906891336961308,0.21141482114094426
