contrast,dissimilarity,homogeneity,energy,correlation,entropy
287.8324350808428,8.39988567695574,0.2665087560006297,0.07753171072622739,0.9738174232107069,-0.0
