contrast,dissimilarity,homogeneity,energy,correlation,entropy
148.88031121502863,5.648834959284044,0.2762609940018622,0.042348390285694655,0.9799438102863394,-0.0
