contrast,dissimilarity,homogeneity,energy,correlation,entropy
192.73378825475604,5.77547559966915,0.37525600535099735,0.15873631098177723,0.9860992574435747,-0.0
