contrast,dissimilarity,homogeneity,energy,correlation,entropy
187.04744780741183,5.9117970232743975,0.31527339791821485,0.09402568520221108,0.9824957390520246,-0.0
