contrast,dissimilarity,homogeneity,energy,correlation,entropy
157.82527964205818,5.347964205816554,0.3322900646672108,0.07307559606884832,0.9803696975807843,-0.0
