contrast,dissimilarity,homogeneity,energy,correlation,entropy
137.09548089308714,5.893462859596393,0.3076987866010945,0.10419785491787449,0.9878102206275342,-0.0
