contrast,dissimilarity,homogeneity,energy,correlation,entropy
135.46753246753246,5.075036075036074,0.3202808907602218,0.06893191537060292,0.9852745714770407,-0.0
