contrast,dissimilarity,homogeneity,energy,correlation,entropy
84.9792207792208,5.86342689568496,0.22563770877640513,0.031604806055412896,0.9905966688120955,-0.0
