contrast,dissimilarity,homogeneity,energy,correlation,entropy
199.69794061302684,7.198706896551724,0.24573381837598532,0.05183234875925543,0.9782858759314044,-0.0
