contrast,dissimilarity,homogeneity,energy,correlation,entropy
83.21853583810369,4.7900911069902445,0.2856442571670807,0.03330947241392146,0.9857347684273733,0.1468338122988237
