contrast,dissimilarity,homogeneity,energy,correlation,entropy
249.2795694590019,7.64101427074095,0.2641560801128725,0.07849425650371852,0.978313781074304,-0.0
