contrast,dissimilarity,homogeneity,energy,correlation,entropy
173.20397955458196,6.839832055494707,0.2843158153587604,0.12850090117791335,0.9820119882060465,-0.0
