contrast,dissimilarity,homogeneity,energy,correlation,entropy
103.77433780529756,5.431028551771586,0.2819467743756312,0.05780653281215165,0.9894872289012715,-0.0
