contrast,dissimilarity,homogeneity,energy,correlation,entropy
78.16674334790278,5.20707767809217,0.2691474141294756,0.07330396799549024,0.9906133464712928,-0.0
