contrast,dissimilarity,homogeneity,energy,correlation,entropy
131.03765218092397,5.791502055954205,0.28475907725455163,0.07812722702811904,0.9820922099947853,-0.0
