contrast,dissimilarity,homogeneity,energy,correlation,entropy
55.54460778812704,4.060150375939849,0.3333812675791833,0.04646239683977365,0.9885305318727016,0.0037934489869331086
