contrast,dissimilarity,homogeneity,energy,correlation,entropy
142.55311258278147,5.520176600441501,0.3157465095735427,0.08391725889449195,0.9862371095909279,-0.0
