contrast,dissimilarity,homogeneity,energy,correlation,entropy
156.847933112639,5.585306850012733,0.3256787804012913,0.07409193341131264,0.9823653682259351,-0.0
