contrast,dissimilarity,homogeneity,energy,correlation,entropy
134.27195000383406,6.368184955141478,0.2743657290472135,0.11278971505617141,0.9851894386221997,-0.0
