contrast,dissimilarity,homogeneity,energy,correlation,entropy
179.80652401616047,6.529477779440372,0.2843164101235883,0.058701907523832184,0.9823510939101953,-0.0
