contrast,dissimilarity,homogeneity,energy,correlation,entropy
112.57534718802327,5.620555500837192,0.30681253285505505,0.09209476683445049,0.9899876853637914,-0.0
