contrast,dissimilarity,homogeneity,energy,correlation,entropy
178.23692810457516,6.036119711042312,0.29235449682914605,0.04130537197206615,0.9800235465572774,0.0306393319459957
