contrast,dissimilarity,homogeneity,energy,correlation,entropy
141.80720634367376,5.153058556988497,0.32709178826794344,0.06846211309325284,0.9844766624079015,-0.0
