contrast,dissimilarity,homogeneity,energy,correlation,entropy
74.06671081677703,4.930551876379692,0.26275659300499893,0.02976529585689768,0.98588594935184,0.12166135070951385
