contrast,dissimilarity,homogeneity,energy,correlation,entropy
122.17137416693112,5.118375119009838,0.3316310913838055,0.10057816033005337,0.9872964086847704,-0.0
