contrast,dissimilarity,homogeneity,energy,correlation,entropy
72.02072422564714,4.772706868172975,0.3007828770388867,0.06797604586701018,0.9919929611430062,-0.0
