contrast,dissimilarity,homogeneity,energy,correlation,entropy
212.59344242125985,6.745017224409449,0.24851473273697955,0.027410357066815987,0.9775067055197564,0.02157686577688047
