contrast,dissimilarity,homogeneity,energy,correlation,entropy
88.93977608267718,5.448757381889765,0.266607914024585,0.04684568608796584,0.9900417377970543,-0.0
