contrast,dissimilarity,homogeneity,energy,correlation,entropy
114.41350885826773,5.1481299212598435,0.31975776623156194,0.09409499773553577,0.9880383886459078,-0.0
