contrast,dissimilarity,homogeneity,energy,correlation,entropy
137.28715551181105,5.673474409448821,0.3227743328348822,0.10666116726041273,0.9860675074018036,-0.0
