contrast,dissimilarity,homogeneity,energy,correlation,entropy
125.9931102362205,5.002214566929135,0.30108856898981373,0.05232376350670486,0.9875652152891372,0.15241334450868343
