contrast,dissimilarity,homogeneity,energy,correlation,entropy
223.36042076771653,8.11017470472441,0.2075392527018509,0.03684102602275235,0.9798116338834143,-0.0
