contrast,dissimilarity,homogeneity,energy,correlation,entropy
154.13877952755905,5.962721456692913,0.31849193503525547,0.09643703568731687,0.9809407128260912,-0.0
