contrast,dissimilarity,homogeneity,energy,correlation,entropy
40.51027312992127,3.3791215551181115,0.36806412440985414,0.050462583337218564,0.990916619917928,0.21882376710781384
