contrast,dissimilarity,homogeneity,energy,correlation,entropy
176.39437746062993,6.797305610236221,0.246181864534445,0.04816500405698572,0.9771746783354257,-0.0
