contrast,dissimilarity,homogeneity,energy,correlation,entropy
176.50055364173232,6.654096948818899,0.27208986093326737,0.04471704082828401,0.9820673016254463,-0.0
