contrast,dissimilarity,homogeneity,energy,correlation,entropy
201.57098917322833,6.783956692913386,0.28570254223249064,0.03318271438891518,0.9801872425377531,0.16583082927220963
