contrast,dissimilarity,homogeneity,energy,correlation,entropy
188.4699187992126,6.15335875984252,0.30084689873115367,0.08431903018148014,0.9822129456482814,-0.0
