contrast,dissimilarity,homogeneity,energy,correlation,entropy
157.06010088582678,5.732960137795275,0.31054532684244196,0.0644059599805871,0.9816657844822586,0.07014854269706401
