contrast,dissimilarity,homogeneity,energy,correlation,entropy
103.75369094488191,4.1731053149606305,0.4123156413833353,0.05747208966920782,0.9851909213668595,0.21414990068059553
