contrast,dissimilarity,homogeneity,energy,correlation,entropy
244.9435900590551,7.288693405511811,0.3005716657767834,0.08773364252170457,0.977974315400413,-0.0
