contrast,dissimilarity,homogeneity,energy,correlation,entropy
231.22250246062993,7.439776082677166,0.2557715621254162,0.03292164558821298,0.9769331625948897,-0.0
