contrast,dissimilarity,homogeneity,energy,correlation,entropy
158.50738188976382,6.629183070866143,0.24160959174751312,0.03901883331844326,0.980948868450558,-0.0
