contrast,dissimilarity,homogeneity,energy,correlation,entropy
208.49194143700785,6.299520177165355,0.3186586175407561,0.09586515370154179,0.9813121786980572,-0.0
