contrast,dissimilarity,homogeneity,energy,correlation,entropy
169.33968996062993,6.7421259842519685,0.25248480971051135,0.06157260844080143,0.9769260313068775,-0.0
