contrast,dissimilarity,homogeneity,energy,correlation,entropy
74.02448326771653,3.894562007874015,0.38010534337070306,0.09289755834695958,0.9862105423196282,0.38244474938634476
