contrast,dissimilarity,homogeneity,energy,correlation,entropy
253.3826279527559,7.603961614173228,0.24325422705498218,0.03760992543361868,0.9722458408862552,0.011810605234356055
