contrast,dissimilarity,homogeneity,energy,correlation,entropy
104.09448818897638,5.730930118110235,0.23681610218857005,0.03093544950496735,0.981353592838007,-0.0
