contrast,dissimilarity,homogeneity,energy,correlation,entropy
104.94088336614173,4.312807578740157,0.3940192538848521,0.0780975673944632,0.9887538302416394,0.12591044908890067
