contrast,dissimilarity,homogeneity,energy,correlation,entropy
113.22631643700788,5.496739665354332,0.3024282300643739,0.05094978467051705,0.9898490980334022,0.10545564304843384
