contrast,dissimilarity,homogeneity,energy,correlation,entropy
199.14087106299215,6.809793307086615,0.23877603035974004,0.03125163472613727,0.9777853728681007,-0.0
