contrast,dissimilarity,homogeneity,energy,correlation,entropy
105.5356791338583,5.791092519685041,0.22972500835417387,0.03270460315314637,0.9804270894758229,-0.0
