contrast,dissimilarity,homogeneity,energy,correlation,entropy
256.08175442913387,7.478284940944883,0.24167054665172155,0.035215495770635694,0.9683224151097615,-0.0
