contrast,dissimilarity,homogeneity,energy,correlation,entropy
257.1040846456693,7.128690944881889,0.3083557695478404,0.06934984613775046,0.9793694535821995,-0.0
