contrast,dissimilarity,homogeneity,energy,correlation,entropy
170.9423597440945,6.3217888779527565,0.2746064502503685,0.034294629534936553,0.98194810161514,-0.0
