contrast,dissimilarity,homogeneity,energy,correlation,entropy
209.82775590551182,6.482160433070866,0.3027762985160756,0.0917800839111297,0.9811132580139954,-0.0
