contrast,dissimilarity,homogeneity,energy,correlation,entropy
186.476685531496,7.660125492125983,0.261050814455866,0.10772531638636418,0.9799565242549573,-0.0
