contrast,dissimilarity,homogeneity,energy,correlation,entropy
285.5965182086614,8.570804625984252,0.22117182988953515,0.043931569546701826,0.9747526379495541,-0.0
