contrast,dissimilarity,homogeneity,energy,correlation,entropy
171.67525836614172,6.735174704724408,0.2560677018479786,0.06113323804911537,0.9768731338517416,-0.0
