contrast,dissimilarity,homogeneity,energy,correlation,entropy
215.3129921259843,6.562130905511812,0.2797826269766025,0.03191801955150503,0.9768516000289666,0.04953520288756783
