contrast,dissimilarity,homogeneity,energy,correlation,entropy
198.61386564960628,6.288570374015748,0.3205081309250988,0.08581708122980539,0.9830778687248493,-0.0
