contrast,dissimilarity,homogeneity,energy,correlation,entropy
177.39776082677167,5.894069881889766,0.30086791693503767,0.05338354902990705,0.9742627124525697,-0.0
