contrast,dissimilarity,homogeneity,energy,correlation,entropy
133.8015501968504,5.371555118110237,0.2909942357058321,0.058985904373235795,0.9856639817723132,-0.0
