contrast,dissimilarity,homogeneity,energy,correlation,entropy
94.64480807086615,5.2014025590551185,0.2903054169432042,0.06628877752462131,0.9885759913113351,-0.0
