contrast,dissimilarity,homogeneity,energy,correlation,entropy
138.43423966535434,6.062315452755905,0.29652529061756455,0.09619631189148231,0.9876269269092893,-0.0
