contrast,dissimilarity,homogeneity,energy,correlation,entropy
189.1010088582677,5.97859251968504,0.3318426307330071,0.10231470753993079,0.9848856874205805,-0.0
