contrast,dissimilarity,homogeneity,energy,correlation,entropy
183.57615649606302,6.062253937007876,0.2729047393808861,0.0281070090970031,0.9780368646288249,0.051723189558494156
