contrast,dissimilarity,homogeneity,energy,correlation,entropy
170.68614665354335,5.779404527559056,0.3165051436286315,0.06561870742382296,0.9784903506039365,-0.0
