contrast,dissimilarity,homogeneity,energy,correlation,entropy
122.42685777559056,6.102300688976378,0.28769066775220864,0.09003345143109606,0.9895830125344963,-0.0
