contrast,dissimilarity,homogeneity,energy,correlation,entropy
285.28487942913387,8.902374507874018,0.20602787103162903,0.033888645372186554,0.972333199164283,-0.0
