contrast,dissimilarity,homogeneity,energy,correlation,entropy
327.62395423228344,9.203309547244096,0.22396580178494824,0.03585352376217958,0.9721081413438953,-0.0
