contrast,dissimilarity,homogeneity,energy,correlation,entropy
124.06120816929132,6.063668799212598,0.29465105294207555,0.10062255970834762,0.9897775720495166,-0.0
