contrast,dissimilarity,homogeneity,energy,correlation,entropy
39.69715797244095,3.3016117125984246,0.40430576912277216,0.08697301086173417,0.9916918212312917,0.35333738273112963
