contrast,dissimilarity,homogeneity,energy,correlation,entropy
120.1208784448819,6.227669783464567,0.2422176601913149,0.04444520245273433,0.9896255798138123,-0.0
