contrast,dissimilarity,homogeneity,energy,correlation,entropy
221.39117864173227,7.591227854330708,0.30642642738536674,0.14015225499691156,0.9769025132220747,-0.0
