contrast,dissimilarity,homogeneity,energy,correlation,entropy
96.67919537401578,6.3434424212598435,0.21155585937330845,0.02675040436713035,0.9892002964780798,-0.0
