contrast,dissimilarity,homogeneity,energy,correlation,entropy
81.98775836614173,4.602054625984254,0.3311286935409347,0.0541700041781928,0.9861774926296755,0.20323352426444302
