contrast,dissimilarity,homogeneity,energy,correlation,entropy
165.18780757874015,6.4162770669291325,0.2568592567707013,0.030074878719501992,0.9819659027005556,-0.0
