contrast,dissimilarity,homogeneity,energy,correlation,entropy
76.27780511811024,3.9911417322834644,0.3689583234174373,0.05219505189010685,0.9870084955081863,0.14386514651595675
