contrast,dissimilarity,homogeneity,energy,correlation,entropy
51.60888287401575,3.658218503937008,0.38639750770774245,0.0723179562940425,0.9935859972982641,0.26309141410182385
