contrast,dissimilarity,homogeneity,energy,correlation,entropy
77.51654773622049,4.489603838582677,0.33079730959546244,0.07400761229028813,0.9900262895833988,-0.0
