contrast,dissimilarity,homogeneity,energy,correlation,entropy
198.07504921259846,7.473302165354332,0.21914329919686132,0.02999909919854156,0.9781078114646282,-0.0
