contrast,dissimilarity,homogeneity,energy,correlation,entropy
102.80770177165356,6.102977362204724,0.23746736089498832,0.06550671893269314,0.9875476249070215,-0.0
