contrast,dissimilarity,homogeneity,energy,correlation,entropy
191.73781988188978,5.96788877952756,0.33380126115838704,0.10176624585899635,0.9845834775074781,-0.0
