contrast,dissimilarity,homogeneity,energy,correlation,entropy
154.08101624015754,6.084461122047245,0.30897343096449253,0.08575565561113395,0.9839616683896782,-0.0
