contrast,dissimilarity,homogeneity,energy,correlation,entropy
186.54681348425197,5.920337106299213,0.3346111692905688,0.10316554090491153,0.9850080070849714,-0.0
