contrast,dissimilarity,homogeneity,energy,correlation,entropy
90.93190206692913,5.21056840551181,0.26480323796726984,0.030839121284733803,0.9842373823216304,0.15189114107610585
