contrast,dissimilarity,homogeneity,energy,correlation,entropy
151.3845349409449,5.537217027559056,0.285792239425443,0.04620180789122035,0.9833573118735242,-0.0
