contrast,dissimilarity,homogeneity,energy,correlation,entropy
151.42525836614175,6.388964074803149,0.24801182082532747,0.04860670635784923,0.9806298429815978,-0.0
