contrast,dissimilarity,homogeneity,energy,correlation,entropy
114.9685039370079,5.661294291338583,0.2884367715428882,0.05888348968414048,0.9886507018284546,0.08003729241906095
