contrast,dissimilarity,homogeneity,energy,correlation,entropy
167.1536048228347,6.5746186023622055,0.28816962976076416,0.0702733084435723,0.9874006358375869,0.09833252609057182
