contrast,dissimilarity,homogeneity,energy,correlation,entropy
255.80923966535437,8.746370570866144,0.19101613584562122,0.03292247893083255,0.9770315452380746,-0.0
