contrast,dissimilarity,homogeneity,energy,correlation,entropy
241.78986220472444,8.203863188976378,0.2093948970651447,0.028899572040439078,0.9771357151744174,-0.0
