contrast,dissimilarity,homogeneity,energy,correlation,entropy
236.0185777559055,7.943282480314961,0.21600868657934288,0.03083531712184355,0.9772756996691478,-0.0
