contrast,dissimilarity,homogeneity,energy,correlation,entropy
125.62635334645671,5.66154035433071,0.2930049210730848,0.08443364158799581,0.9773354102938653,-0.0
