contrast,dissimilarity,homogeneity,energy,correlation,entropy
218.861343503937,6.6358267716535435,0.2681296442642793,0.028190996831528144,0.975918816693807,0.027089551385609853
