contrast,dissimilarity,homogeneity,energy,correlation,entropy
160.58476870078744,7.228100393700787,0.23655026781266253,0.08393325073437206,0.9820883188066888,-0.0
