contrast,dissimilarity,homogeneity,energy,correlation,entropy
188.5198080708662,6.230314960629923,0.2847721665404291,0.07213619215949899,0.9819356850483677,-0.0
