contrast,dissimilarity,homogeneity,energy,correlation,entropy
70.89357775590551,3.748400590551182,0.3921799888895619,0.05936470484344097,0.9827983797523985,0.2646373409276824
