contrast,dissimilarity,homogeneity,energy,correlation,entropy
211.65015994094483,6.960691437007874,0.23266357936967805,0.026592454585460546,0.9749091021528348,-0.0
