contrast,dissimilarity,homogeneity,energy,correlation,entropy
158.05991633858272,5.88853346456693,0.29804158810203474,0.06197478826883972,0.9846132659995154,-0.0
