contrast,dissimilarity,homogeneity,energy,correlation,entropy
111.70613927165356,5.798289862204726,0.26337845087351075,0.07056644643573205,0.9905914072561871,0.04699665422207279
