contrast,dissimilarity,homogeneity,energy,correlation,entropy
151.7532603346457,6.920091043307086,0.22907082775062013,0.06908434873838634,0.9824211560248463,-0.0
