contrast,dissimilarity,homogeneity,energy,correlation,entropy
172.4052042322835,6.5965182086614185,0.25351327736055024,0.03910940786691794,0.9825554937179304,0.0008605242582141371
