contrast,dissimilarity,homogeneity,energy,correlation,entropy
128.07904773622047,5.851562499999999,0.23511572530523336,0.02135646575354675,0.9826475768643723,0.0017210485164282743
