contrast,dissimilarity,homogeneity,energy,correlation,entropy
97.6697219488189,5.482468011811024,0.26087795559887644,0.03677862415970021,0.9827484593059332,0.20379161634567292
