contrast,dissimilarity,homogeneity,energy,correlation,entropy
158.12973671259843,7.030942421259842,0.21744695334927872,0.04048042385298988,0.9764381932114281,-0.0
