contrast,dissimilarity,homogeneity,energy,correlation,entropy
146.20355561023626,5.0589936023622055,0.3738355280522294,0.09221421972464247,0.9828567343054521,-0.0
