contrast,dissimilarity,homogeneity,energy,correlation,entropy
224.8610359251969,6.524913877952756,0.3512797941612289,0.1482506235625016,0.9836574130128248,-0.0
