contrast,dissimilarity,homogeneity,energy,correlation,entropy
258.8388902559056,7.7931225393700805,0.23969672014352206,0.051179272383859775,0.9774812458006462,-0.0
