contrast,dissimilarity,homogeneity,energy,correlation,entropy
70.00804984713031,3.1480320445837693,0.5706091009549504,0.39170664357544366,0.9961552803001887,0.03748149949683431
