contrast,dissimilarity,homogeneity,energy,correlation,entropy
154.05060825367337,4.690983913206136,0.6098626110219894,0.5106698444278509,0.9891542952379012,-0.0
