contrast,dissimilarity,homogeneity,energy,correlation,entropy
122.41403821097309,4.624237264084007,0.5254004584808689,0.365578380987034,0.9933426376024151,0.07789863340357689
