contrast,dissimilarity,homogeneity,energy,correlation,entropy
135.18494007766037,4.336068217294271,0.5982502085579795,0.48506914591332795,0.9923462448024141,0.005217839205371686
