contrast,dissimilarity,homogeneity,energy,correlation,entropy
120.58112414051111,5.067675477637163,0.4828694752395018,0.3311927831237398,0.9929700746683432,0.05104654918441423
