contrast,dissimilarity,homogeneity,energy,correlation,entropy
73.13431892359094,3.093269863384805,0.6531421209164487,0.5496441166474952,0.993690936909691,-0.0
