contrast,dissimilarity,homogeneity,energy,correlation,entropy
105.27306268302436,3.4743604628662106,0.5628269497655876,0.3408706277135557,0.9944841135506284,0.11431294072501982
