contrast,dissimilarity,homogeneity,energy,correlation,entropy
97.55869035179379,3.9022794999806494,0.5242880227874356,0.32849198652105743,0.9952045135955084,0.05520704136698405
