contrast,dissimilarity,homogeneity,energy,correlation,entropy
82.90136357186165,2.606718526258756,0.717822825341873,0.5856072097649113,0.9959877611120215,-0.0
