contrast,dissimilarity,homogeneity,energy,correlation,entropy
150.41500574067624,4.540887805255622,0.6044873145693197,0.49551547803477647,0.9907494950025514,-0.0
