contrast,dissimilarity,homogeneity,energy,correlation,entropy
121.62009623695444,3.7309364397486995,0.6345152346040369,0.5020674241094554,0.9935924089050038,0.017937805818979698
