contrast,dissimilarity,homogeneity,energy,correlation,entropy
87.54484822684057,3.3053910755060176,0.6722256819552381,0.5942307384462341,0.9914392032399939,-0.0
