contrast,dissimilarity,homogeneity,energy,correlation,entropy
82.63588632171007,3.2884399551066217,0.6490212935051549,0.5595291470816744,0.9923594453868191,-0.0
