contrast,dissimilarity,homogeneity,energy,correlation,entropy
74.83621657184875,3.1620289742895107,0.6358659828673003,0.536465952379095,0.9934299075856416,-0.0
