contrast,dissimilarity,homogeneity,energy,correlation,entropy
119.86101113304177,3.7415276648993117,0.6349927062859732,0.5034684601322108,0.9933660036680707,0.008679116788499988
