contrast,dissimilarity,homogeneity,energy,correlation,entropy
110.729194886283,3.4652656836564883,0.645224314498791,0.5255286130036549,0.9942178892908186,-0.0
