contrast,dissimilarity,homogeneity,energy,correlation,entropy
121.87849116967891,3.1093695576454197,0.7260169100343485,0.6201340449013714,0.9934668108571064,-0.0
