contrast,dissimilarity,homogeneity,energy,correlation,entropy
67.9436639704839,3.585161964472309,0.518349858107489,0.30821831105852443,0.996319055295209,0.1044918692975969
