contrast,dissimilarity,homogeneity,energy,correlation,entropy
95.74414644529585,3.823148470658049,0.5848260605193156,0.46470414062579307,0.993714661815377,0.004515814846354779
