contrast,dissimilarity,homogeneity,energy,correlation,entropy
75.01926029129092,3.1331707883432016,0.6486611320764811,0.5446617147060495,0.9937654910211915,-0.0
