contrast,dissimilarity,homogeneity,energy,correlation,entropy
85.65257943418864,2.48212650128359,0.7408103679511546,0.6249791814138649,0.9943767053550565,-0.0
