contrast,dissimilarity,homogeneity,energy,correlation,entropy
75.25087400183183,3.2183392030135316,0.6440765454377019,0.5416207698193102,0.9935674160763779,-0.0
