contrast,dissimilarity,homogeneity,energy,correlation,entropy
108.72230607479649,4.525265425648568,0.5135236125592603,0.3880902603640478,0.9928942264721959,0.0019387986225052655
