contrast,dissimilarity,homogeneity,energy,correlation,entropy
98.33853219293832,3.3600113523485167,0.6208021820682184,0.43149434004581855,0.995087670435342,0.04980764782770172
