contrast,dissimilarity,homogeneity,energy,correlation,entropy
46.26054929886348,2.9772953029658007,0.5169817787489293,0.27179024380474415,0.9972195268804749,0.11766468165652001
