contrast,dissimilarity,homogeneity,energy,correlation,entropy
97.29028471174065,2.616703432795387,0.7314121344671056,0.6190707572520928,0.9948990828526613,-0.0
