contrast,dissimilarity,homogeneity,energy,correlation,entropy
97.11107240992297,2.4053949456248302,0.7597938925440682,0.659858832394008,0.9943809462571133,-0.0
