contrast,dissimilarity,homogeneity,energy,correlation,entropy
95.42697730820336,2.6935123908303984,0.7300777697952573,0.6286062294133998,0.994456724683069,-0.0
