contrast,dissimilarity,homogeneity,energy,correlation,entropy
130.626985048441,4.172091283202395,0.6084556984936869,0.4952220200139068,0.9921942114993771,-0.0
