contrast,dissimilarity,homogeneity,energy,correlation,entropy
98.74666202252408,2.644671491414787,0.7296063731505259,0.6168626148908507,0.9948150154098175,-0.0
