contrast,dissimilarity,homogeneity,energy,correlation,entropy
140.68692028845285,6.907284853645007,0.25543132653697875,0.030205306963827273,0.9867070733766513,0.01073224054714086
