contrast,dissimilarity,homogeneity,energy,correlation,entropy
93.45575809177345,2.629513526065251,0.7168508863399073,0.6006639185259789,0.9943712829867761,-0.0
