contrast,dissimilarity,homogeneity,energy,correlation,entropy
112.39303636621644,4.847336713237096,0.4818488576872337,0.3532172555610381,0.9922864830330814,0.0017833869662927456
