contrast,dissimilarity,homogeneity,energy,correlation,entropy
89.38096159552094,3.4824361107886004,0.6494839403621455,0.5657770280184545,0.991790683003778,-0.0
