contrast,dissimilarity,homogeneity,energy,correlation,entropy
72.86252047937873,3.129223267154302,0.651635167948568,0.5475785832443258,0.993597712038335,-0.0
