contrast,dissimilarity,homogeneity,energy,correlation,entropy
106.14312989408772,2.8627397861114323,0.6984098063288066,0.5602225984278938,0.994694169138024,0.0004319622364763933
