contrast,dissimilarity,homogeneity,energy,correlation,entropy
98.15484345369401,2.774346272430564,0.7293965031274531,0.6276708694705992,0.9945866000439488,-0.0
