contrast,dissimilarity,homogeneity,energy,correlation,entropy
98.2177457847956,2.7541442522285435,0.7338000899785779,0.6249629190088417,0.9947057601308981,-0.0
