contrast,dissimilarity,homogeneity,energy,correlation,entropy
119.52273694802429,4.8641201284879445,0.4985396611402961,0.3372386723508877,0.9932763348878348,0.05802151041567038
