contrast,dissimilarity,homogeneity,energy,correlation,entropy
85.0453448920882,3.3273217487776874,0.6506731539054433,0.5632707437270906,0.9919697780498216,-0.0
