contrast,dissimilarity,homogeneity,energy,correlation,entropy
116.24150831430524,3.911541984338919,0.6492248848977857,0.5570458721986901,0.9921662386560338,-0.0
