contrast,dissimilarity,homogeneity,energy,correlation,entropy
120.17547118696544,3.9424900344440577,0.644748851987061,0.5535186911208467,0.9920850949733495,-0.0
