contrast,dissimilarity,homogeneity,energy,correlation,entropy
96.64959944270288,2.7053291536050157,0.7312638124742317,0.6302206725071358,0.9942001325855531,-0.0
