contrast,dissimilarity,homogeneity,energy,correlation,entropy
129.38404479017507,3.111485222596334,0.7080195719850925,0.6030566139492727,0.9922476123596207,-0.0
