contrast,dissimilarity,homogeneity,energy,correlation,entropy
117.00710811821924,3.770759962330844,0.6455259282054494,0.5416092676005256,0.9927084398807587,-0.0
