contrast,dissimilarity,homogeneity,energy,correlation,entropy
114.58914818684931,3.6408658745823494,0.6574083982931207,0.5578423448819501,0.9926214779383224,-0.0
