contrast,dissimilarity,homogeneity,energy,correlation,entropy
110.49125998168144,4.601790574970652,0.5176482996959065,0.3914707247310684,0.9927855762932022,0.004435370466155407
