contrast,dissimilarity,homogeneity,energy,correlation,entropy
64.52449140188604,2.9294090328573086,0.6488020219797861,0.5343569233010158,0.9953669137148907,-0.0
