contrast,dissimilarity,homogeneity,energy,correlation,entropy
105.51097178683385,4.206277332714114,0.5658901202198466,0.43747996761625313,0.9936411474205172,-0.0
