contrast,dissimilarity,homogeneity,energy,correlation,entropy
116.044377362385,4.646877459137995,0.5146133493205384,0.35716063309598167,0.9932658085648994,0.05521119090079557
