contrast,dissimilarity,homogeneity,energy,correlation,entropy
95.52174361752903,2.7416566688597332,0.7301088535364563,0.6322872153113133,0.994105773983342,-0.0
