contrast,dissimilarity,homogeneity,energy,correlation,entropy
97.40726550305094,2.782138111640027,0.7275220691811038,0.6298307053451584,0.9942223267938757,-0.0
