contrast,dissimilarity,homogeneity,energy,correlation,entropy
111.27937097668898,3.4807977604912472,0.6320323916624934,0.5010610082419483,0.99460989304967,-0.0
