contrast,dissimilarity,homogeneity,energy,correlation,entropy
70.10262265051537,2.5599674910019745,0.6970542231881814,0.5626875063642763,0.9961320296483765,-0.0
