contrast,dissimilarity,homogeneity,energy,correlation,entropy
152.47777906781738,4.59628210586065,0.6108456820470056,0.5165348127863727,0.9899592927924292,-0.0
