contrast,dissimilarity,homogeneity,energy,correlation,entropy
111.09004476437428,3.406052865822981,0.6387273376467266,0.512988021964342,0.9944475737008821,-0.0
