contrast,dissimilarity,homogeneity,energy,correlation,entropy
63.628558896758136,2.75029993420798,0.5952637549832542,0.4124620930870042,0.9966028438826874,0.06551281590203241
