contrast,dissimilarity,homogeneity,energy,correlation,entropy
142.50926893455627,4.635641214185275,0.6248628776024423,0.5237665927111473,0.9910667464620191,0.006690279041800242
