contrast,dissimilarity,homogeneity,energy,correlation,entropy
77.33159177986764,3.4253260575099658,0.6080474624800253,0.47381259455615765,0.9960867336374608,-0.0
