contrast,dissimilarity,homogeneity,energy,correlation,entropy
90.46220828979449,3.497877884851065,0.5596580429501306,0.33224189637406465,0.9950919589711754,0.03491826894296599
