contrast,dissimilarity,homogeneity,energy,correlation,entropy
76.95526142652578,2.4038984996839394,0.7185000887165931,0.5935182074960971,0.9954984634185369,0.002189034494492766
