contrast,dissimilarity,homogeneity,energy,correlation,entropy
127.68643007340327,4.085903737244735,0.6457284640267325,0.5584844037589128,0.9915146973899089,-0.0
