contrast,dissimilarity,homogeneity,energy,correlation,entropy
95.53356038030367,2.778500199956138,0.6963538465321054,0.571877374738657,0.994311082342945,-0.0
