contrast,dissimilarity,homogeneity,energy,correlation,entropy
102.36878362165717,2.728317659352142,0.7356483075580371,0.6294250708593124,0.9946481261346114,-0.0
