contrast,dissimilarity,homogeneity,energy,correlation,entropy
120.47147077415275,4.994349626533535,0.4879200974008042,0.3287357923440684,0.9930037099276668,0.05457624722636452
