contrast,dissimilarity,homogeneity,energy,correlation,entropy
96.829559967491,2.4503399254357108,0.7593458287786665,0.6627896263277994,0.9942232338315631,-0.0
