contrast,dissimilarity,homogeneity,energy,correlation,entropy
92.90203439245587,2.9513655069210634,0.7121733223523368,0.6091091664737582,0.9935918534388891,-0.0
