contrast,dissimilarity,homogeneity,energy,correlation,entropy
89.39591315453383,3.4984713030690044,0.6452169705814762,0.562382397995088,0.9918631477630352,-0.0
