contrast,dissimilarity,homogeneity,energy,correlation,entropy
68.62488228388611,3.09688197427661,0.5919664818762729,0.41242782208681467,0.9962668551960714,0.10616263984839032
