contrast,dissimilarity,homogeneity,energy,correlation,entropy
108.98413251286814,2.974276610291936,0.6899047600428199,0.5540193206510757,0.9944389160510317,-0.0
