contrast,dissimilarity,homogeneity,energy,correlation,entropy
74.05369144832746,3.757885367080769,0.5180229349336335,0.3134651950895624,0.9960216632962691,0.11636496248939529
