contrast,dissimilarity,homogeneity,energy,correlation,entropy
97.86235277423016,2.545222338325787,0.7572753443842216,0.6648925490588476,0.9941789299083706,-0.0
