contrast,dissimilarity,homogeneity,energy,correlation,entropy
115.10949856160582,3.726524504302281,0.6518604952194026,0.5497016380761542,0.9929197732269158,-0.0
