contrast,dissimilarity,homogeneity,energy,correlation,entropy
102.06603712733983,2.910858263348685,0.7296203885142295,0.6332843077433167,0.9936126004413053,-0.0
