contrast,dissimilarity,homogeneity,energy,correlation,entropy
102.84331178967196,3.9959621760388053,0.5823947307823807,0.4545288907721986,0.9936956767365059,-0.0
