contrast,dissimilarity,homogeneity,energy,correlation,entropy
108.02716823406479,3.4236361056284426,0.6458372414508109,0.525349786852708,0.9944558418829116,-0.0
