contrast,dissimilarity,homogeneity,energy,correlation,entropy
65.44777274662333,2.6698530644890806,0.7018534274747459,0.5963497067938694,0.9950618246456744,-0.0
