contrast,dissimilarity,homogeneity,energy,correlation,entropy
92.56756582427079,2.4502238218713313,0.7285689097303226,0.6137907634402632,0.9943317624321691,-0.0
