contrast,dissimilarity,homogeneity,energy,correlation,entropy
146.29866996916803,4.280325605996104,0.6272302153417226,0.5242575805784149,0.9902083055790682,-0.0
