contrast,dissimilarity,homogeneity,energy,correlation,entropy
89.45715133454597,3.4280996426590296,0.6489263993454851,0.563211659194761,0.9915926556194291,-0.0
