contrast,dissimilarity,homogeneity,energy,correlation,entropy
82.3111059509527,3.3132861178838193,0.6502164141041877,0.5475304023194988,0.9928729890368284,-0.0
