contrast,dissimilarity,homogeneity,energy,correlation,entropy
116.55376240050569,3.750454738960486,0.6333257450581349,0.5038606301192805,0.9933489027071618,0.011416609606991862
