contrast,dissimilarity,homogeneity,energy,correlation,entropy
180.22111278816257,7.161835468348878,0.3130614617158441,0.10123620500569327,0.9891081723068443,0.14862257057449613
