contrast,dissimilarity,homogeneity,energy,correlation,entropy
42.699665879742504,2.692854470632249,0.6001663193619291,0.4365528607429007,0.9973238151111572,-0.0
