contrast,dissimilarity,homogeneity,energy,correlation,entropy
99.7642968639137,2.841866945315221,0.6899058098255852,0.5637590490848736,0.9940701619263149,-0.0
