contrast,dissimilarity,homogeneity,energy,correlation,entropy
118.68973257479003,3.3933201749293707,0.669984918860667,0.5392645800986574,0.9937260424948899,-0.0
