contrast,dissimilarity,homogeneity,energy,correlation,entropy
85.93215681721429,3.406027065030896,0.6455130781837077,0.5596518486120636,0.9924042570503971,-0.0
