contrast,dissimilarity,homogeneity,energy,correlation,entropy
80.02897428951069,2.056606937832991,0.7906874485422657,0.6789779294741101,0.9955931084058043,-0.0
