contrast,dissimilarity,homogeneity,energy,correlation,entropy
88.19784047370257,2.197608266573784,0.7668593595320579,0.6679299685201043,0.9947421737571506,-0.0
