contrast,dissimilarity,homogeneity,energy,correlation,entropy
117.71370151063638,3.7156365700427014,0.6306340571834863,0.5037187814023604,0.9935647329500452,0.007373594983471862
