contrast,dissimilarity,homogeneity,energy,correlation,entropy
65.39802881948475,3.0052633615852002,0.6033618111218803,0.45504438778446327,0.9961606433424585,0.03694039304636208
