contrast,dissimilarity,homogeneity,energy,correlation,entropy
134.80579743798134,4.087245378433118,0.6170182073393381,0.5057918108074835,0.9917585707227026,0.002148329614856296
