contrast,dissimilarity,homogeneity,energy,correlation,entropy
73.05602642001108,3.0984687229897956,0.6549755100483516,0.5519365896368646,0.9936320049361222,-0.0
