contrast,dissimilarity,homogeneity,energy,correlation,entropy
129.74984842034647,4.185701201026871,0.6064619107436172,0.4925430342395572,0.992353984218576,-0.0
