contrast,dissimilarity,homogeneity,energy,correlation,entropy
99.15721712656578,2.7600655340118943,0.695027914636654,0.5685966463578339,0.9941768989722571,-0.0
