contrast,dissimilarity,homogeneity,energy,correlation,entropy
57.49621373376162,4.029748313273218,0.39251792456363055,0.07650192149573877,0.9964289460102722,0.15128133385650092
