contrast,dissimilarity,homogeneity,energy,correlation,entropy
56.20481958796135,2.548331333771947,0.6907565870150477,0.5844658820971669,0.9950107741255791,-0.0
