contrast,dissimilarity,homogeneity,energy,correlation,entropy
62.18474657171975,2.511281396338868,0.6177271745127526,0.3863417881155775,0.9972143025163162,0.1782526489561517
