contrast,dissimilarity,homogeneity,energy,correlation,entropy
108.7519253841093,4.539662267631616,0.5128700900318197,0.388846860193229,0.9926013387092899,0.0010243720659114757
