contrast,dissimilarity,homogeneity,energy,correlation,entropy
107.16513796973564,2.8839609376007838,0.696014077375375,0.557479024709462,0.9945805277534843,0.0014563343023878688
