contrast,dissimilarity,homogeneity,energy,correlation,entropy
84.31523407768617,3.360037153140601,0.6476126911124769,0.5604409941551755,0.9923729742329506,-0.0
