contrast,dissimilarity,homogeneity,energy,correlation,entropy
115.9845195247494,3.7928196395629343,0.6533588022534961,0.5602081767534638,0.9926273958109294,-0.0
