contrast,dissimilarity,homogeneity,energy,correlation,entropy
68.76025903995253,2.9321181160261625,0.5521102418894576,0.27096331659455175,0.9958903663375722,0.04612514062993591
