contrast,dissimilarity,homogeneity,energy,correlation,entropy
74.61835468348879,2.766993046686533,0.7307646259050823,0.6543783203208312,0.9934333161901593,-0.0
