contrast,dissimilarity,homogeneity,energy,correlation,entropy
100.46396274365623,4.052723918624302,0.5790428310349987,0.45342420860986293,0.9937846396297206,0.0004190619847020614
