contrast,dissimilarity,homogeneity,energy,correlation,entropy
93.43440793632364,3.980842911877395,0.5560177751667519,0.44800300195371706,0.9922499193214126,-0.0
