contrast,dissimilarity,homogeneity,energy,correlation,entropy
112.14080782280016,3.541558625849813,0.6405523173582727,0.5210259072095863,0.9942476375735745,0.0002224312441253626
