contrast,dissimilarity,homogeneity,energy,correlation,entropy
93.76918611401372,2.3626559335371597,0.7649813143910502,0.6675808845442948,0.9945192414954571,-0.0
