contrast,dissimilarity,homogeneity,energy,correlation,entropy
67.6111691628933,2.9002541378020306,0.648332920461925,0.5363309382340028,0.9952705169643687,-0.0
