contrast,dissimilarity,homogeneity,energy,correlation,entropy
118.60598320368436,3.809848162338584,0.6435382754775931,0.5426049197825282,0.9928001637389273,-0.0
