contrast,dissimilarity,homogeneity,energy,correlation,entropy
119.1013197105151,4.616213217745785,0.5196741144952358,0.3591061603026802,0.9934619834880648,0.09993553803512809
