contrast,dissimilarity,homogeneity,energy,correlation,entropy
127.72777584271836,3.9915889417805124,0.6278588067193811,0.49861444736522914,0.9929764871607103,0.014473148747909814
