contrast,dissimilarity,homogeneity,energy,correlation,entropy
104.8882825702749,2.9343369841454128,0.6965552950097725,0.5689744920856175,0.9940921412507702,-0.0
