contrast,dissimilarity,homogeneity,energy,correlation,entropy
97.73163306113497,2.558625849813589,0.7410961738834864,0.6340978992110955,0.9947961294261217,-0.0
