contrast,dissimilarity,homogeneity,energy,correlation,entropy
52.558367841892746,2.818775236399757,0.567195947702308,0.3662362940249582,0.9971254247847924,0.0033777189214408984
