contrast,dissimilarity,homogeneity,energy,correlation,entropy
73.74328211876104,3.14212366319646,0.6468319998504763,0.546786386396386,0.9937869249368505,-0.0
