contrast,dissimilarity,homogeneity,energy,correlation,entropy
102.08422668575926,3.945599029890217,0.5866696648242553,0.45738369358318953,0.9937990692899809,-0.0
