contrast,dissimilarity,homogeneity,energy,correlation,entropy
94.12663028754983,5.417959931369893,0.3574321514024117,0.17152943161138134,0.9920361093296833,0.012082777099942186
