contrast,dissimilarity,homogeneity,energy,correlation,entropy
107.81684017699344,2.937987796225344,0.6939068454671828,0.5630337122138291,0.994504979452339,0.0002224312441253626
