contrast,dissimilarity,homogeneity,energy,correlation,entropy
59.073441954668006,2.291781157681541,0.7317962543140877,0.6045268805309326,0.9968481200297105,-0.0
