contrast,dissimilarity,homogeneity,energy,correlation,entropy
86.87033811938025,3.0859295380368184,0.6381066424181434,0.4599831771132504,0.9954767945006944,0.10766011956891891
