contrast,dissimilarity,homogeneity,energy,correlation,entropy
61.91809538552833,2.7014848355844525,0.6152164134157809,0.42463129273650796,0.996841938500021,0.0505640538486923
