contrast,dissimilarity,homogeneity,energy,correlation,entropy
95.4867577434627,2.4508817420694817,0.7577120776650978,0.6638990676925011,0.9942533521505464,-0.0
