contrast,dissimilarity,homogeneity,energy,correlation,entropy
102.78836900292839,3.979256163164209,0.5846432425388867,0.45483875678896085,0.9936976098619573,-0.0
