contrast,dissimilarity,homogeneity,energy,correlation,entropy
99.8014758053072,2.7988054233264963,0.7273068115043171,0.6253024637224943,0.9939475850116738,-0.0
