contrast,dissimilarity,homogeneity,energy,correlation,entropy
108.62237960705392,4.452765199891637,0.5341461588436864,0.4122207577657497,0.9924224017996414,0.003240850645993409
