contrast,dissimilarity,homogeneity,energy,correlation,entropy
103.32138756659829,4.024639756440523,0.5845344928435066,0.4562461198200237,0.9935497326850873,-0.0
