contrast,dissimilarity,homogeneity,energy,correlation,entropy
115.25137711727749,3.0445579679296157,0.7018396122858896,0.5734869980309216,0.9939077986288408,-0.0
