contrast,dissimilarity,homogeneity,energy,correlation,entropy
118.23264574222426,4.700955919346724,0.506406427032124,0.34219263312560627,0.9936173202554137,0.06836176131908556
