contrast,dissimilarity,homogeneity,energy,correlation,entropy
118.70148483558444,4.044906278622753,0.6400099656810058,0.555574006649819,0.9919406998834406,-0.0
