contrast,dissimilarity,homogeneity,energy,correlation,entropy
136.04682843763302,6.555852264664526,0.30228528343891975,0.060856756587264305,0.9894105143011714,0.257762327713872
