contrast,dissimilarity,homogeneity,energy,correlation,entropy
110.42341679889572,4.343511745810597,0.5677813272154543,0.44170092732525523,0.9930927227100347,-0.0
