contrast,dissimilarity,homogeneity,energy,correlation,entropy
110.37820091076796,3.413509294735348,0.6478750492014684,0.5294124612768256,0.9944316703485624,-0.0
