contrast,dissimilarity,homogeneity,energy,correlation,entropy
44.088432214868995,2.1213282247765006,0.6673665966632434,0.40553462258859463,0.9980685939645921,0.13533642686407107
