contrast,dissimilarity,homogeneity,energy,correlation,entropy
71.32183908045977,3.7886786124334018,0.5022881525314111,0.34187031801915296,0.9949921871393107,0.0018966834717637502
