contrast,dissimilarity,homogeneity,energy,correlation,entropy
122.02959350852073,4.129236167550344,0.6349033380824806,0.5473119155962258,0.9918132938259139,0.00881227677181707
