contrast,dissimilarity,homogeneity,energy,correlation,entropy
106.12207644774693,2.840086690661403,0.6981679223292473,0.5620001401810452,0.9945905840579546,0.000654393480601756
