contrast,dissimilarity,homogeneity,energy,correlation,entropy
116.92648064295577,3.7009688197427666,0.6349151626330094,0.5021419460960553,0.9936921067550986,0.012388346836908065
