contrast,dissimilarity,homogeneity,energy,correlation,entropy
54.42431982661867,2.561683243675581,0.6397670331731369,0.4543693676515157,0.9969801153045909,0.03571358785656638
