contrast,dissimilarity,homogeneity,energy,correlation,entropy
96.70548395835752,2.6433814518105705,0.7339452122371821,0.6267897437916798,0.9948792237047754,-0.0
