contrast,dissimilarity,homogeneity,energy,correlation,entropy
72.88406414076913,3.106389566159681,0.65223539848424,0.5481228459069215,0.9936658628508898,-0.0
