contrast,dissimilarity,homogeneity,energy,correlation,entropy
123.17158816775674,4.095566133880309,0.6381398440396631,0.5487956343121325,0.9916985970535603,-0.0
