contrast,dissimilarity,homogeneity,energy,correlation,entropy
107.80222402827766,2.92445528077712,0.6940706495877177,0.5603122719254716,0.9944782979137968,-0.0
