contrast,dissimilarity,homogeneity,energy,correlation,entropy
96.19731155746481,2.713585407071997,0.7036706983795604,0.5787017259968189,0.994475591745206,-0.0
