contrast,dissimilarity,homogeneity,energy,correlation,entropy
103.01440974237909,4.009339886734522,0.5709520484250865,0.45378120994792326,0.9931381426460638,0.0004319622364763933
