contrast,dissimilarity,homogeneity,energy,correlation,entropy
93.81618225679527,3.7066320936052732,0.6037759822556706,0.46363242489375933,0.9948518475166264,0.0013213989159178595
