contrast,dissimilarity,homogeneity,energy,correlation,entropy
131.49111807732498,5.976740585935989,0.381181299492514,0.1401629425098588,0.993241298380408,0.20761976975657404
