contrast,dissimilarity,homogeneity,energy,correlation,entropy
110.74615890707844,3.5051408078227997,0.6492405095717481,0.5309445416450123,0.9940343281192218,-0.0
