contrast,dissimilarity,homogeneity,energy,correlation,entropy
141.4318536579073,4.483906755937408,0.5975533663316491,0.47899192888262504,0.9917930879492302,0.0002224312441253626
