contrast,dissimilarity,homogeneity,energy,correlation,entropy
95.43176335513502,2.3784976198769305,0.7608452552636862,0.6613293698788778,0.9944716683595987,-0.0
