contrast,dissimilarity,homogeneity,energy,correlation,entropy
77.36364926403239,3.4582091670214274,0.5539975878212581,0.3293440777322978,0.9963835409711134,0.23765914143333214
