contrast,dissimilarity,homogeneity,energy,correlation,entropy
62.46255660048764,2.344750183830644,0.6655382386978002,0.462375223985192,0.9970637768887136,0.05885966581160857
