contrast,dissimilarity,homogeneity,energy,correlation,entropy
142.1799992259762,6.705664563902111,0.28543343246246794,0.03702563116890863,0.9867765793232973,0.006025926722138527
