contrast,dissimilarity,homogeneity,energy,correlation,entropy
110.23584504044274,3.414838035527691,0.6390774321753486,0.5147246869564562,0.9944024722282695,-0.0
