contrast,dissimilarity,homogeneity,energy,correlation,entropy
122.38545093334366,3.858908368486913,0.6274360586341434,0.49285008768053007,0.9933846764657456,0.01796536500327383
