contrast,dissimilarity,homogeneity,energy,correlation,entropy
95.12810093269864,2.422217062063805,0.7604959814483238,0.6641586503334901,0.9942489449477122,-0.0
